<?xml version="1.0" encoding="UTF-8"?>
<project-private xmlns="http://www.netbeans.org/ns/project-private/1">
    <editor-bookmarks xmlns="http://www.netbeans.org/ns/editor-bookmarks/2" lastBookmarkId="0"/>
    <open-files xmlns="http://www.netbeans.org/ns/projectui-open-files/2">
        <group>
            <file>file:/C:/Users/tania/Documents/UPAEP/SISTEMAS%20COMPUTACIONALES/OTOÑO%202018/INTRO%20INTELIGENCIA%20ARTIFICIAL/PROYECTO%20FINAL/SearchMethods/src/searchmethods/View.java</file>
            <file>file:/C:/Users/tania/Documents/UPAEP/SISTEMAS%20COMPUTACIONALES/OTOÑO%202018/INTRO%20INTELIGENCIA%20ARTIFICIAL/PROYECTO%20FINAL/SearchMethods/src/searchmethods/DepthFirstSearch.java</file>
        </group>
    </open-files>
</project-private>
